Codigo;Nome;Numero;;;;;;
Q5;40 MILE AIR;54;;;;;;
7L;A B AIRLINES;?;;;;;;
M3;ABSA AEROLINEAS BRASILEIRAS;?;;;;;;
GB;ABX AIR;?;;;;;;
9B;ACCESREIL;?;;;;;;
ZY;ADA AIR;?;;;;;;
JP;ADRIA AIRWAYS;169;;;;;;
ADO;ADV OPERADORA;889;;;;;;
ADV;ADVANCE PARA NOTA FISCAL;888;;;;;;
A3;AEGEAN AIRLINES;169;;;;;;
RE;AER ARANN;169;;;;;;
EI;AER LINGUS;169;;;;;;
E4;AERO ASIA;?;;;;;;
JR;AERO CALIFORNIA;?;;;;;;
N6;AERO CONTINENTE;?;;;;;;
ML;AERO COSTA RICA;?;;;;;;
P4;AERO LINEAS SOSA;?;;;;;;
YP;AERO LLOYD;?;;;;;;
M0;AERO MONGOLIA;169;;;;;;
WV;Aero Vip;169;;;;;;
QA;AEROCARIBE;?;;;;;;
2B;AEROCONDOR;?;;;;;;
SX;AEROEJECUTIVO;169;;;;;;
SU;AEROFLOT-RUSSIAN INTERNATIONAL AIRLINE;555;;;;;;
2K;AEROGAL AEROLINEAS GALAPAGOS;169;;;;;;
FP;AEROLEASING;169;;;;;;
AR;AEROLINEAS ARGENTINAS;44;;;;;;
N2;AEROLINEAS INTERNACIONALES;?;;;;;;
EX;AEROLINEAS SANTO DOMINGO;?;;;;;;
A8;Aerolink Uganda;169;;;;;;
5D;AEROLITORAL;642;;;;;;
BQ;AEROMAR;?;;;;;;
VW;AEROMAR AIRLINES;169;;;;;;
AM;AEROMEXICO;139;;;;;;
QO;AEROMEXPRESS;?;;;;;;
XX;AERONAVES DEL PERU S.A.;?;;;;;;
WL;AEROPERLAS;?;;;;;;
PL;AEROPERU;?;;;;;;
VH;AEROPOSTAL;152;;;;;;
P5;AEROREPUBLICA;?;;;;;;
6N;AEROSUCRE;?;;;;;;
5L;AEROSUR;275;;;;;;
VV;AEROSWEET;169;;;;;;
V5;AEROVIAS DAP;169;;;;;;
AW;Africa World Airlines;169;;;;;;
OY;AFRICAN INTERCONTINENTAL AIRWAYS;?;;;;;;
8U;AFRIQIYAH AIRWAYS;169;;;;;;
ZI;AIGLE AZUR;?;;;;;;
DP;AIR 2000;?;;;;;;
RK;AIR AFRIQUE;?;;;;;;
H7;AIR ALFA HAVAYOLLARI;?;;;;;;
AH;AIR ALGERIE;169;;;;;;
4L;AIR ALMA INC.;?;;;;;;
3S;Air Antilles;169;;;;;;
FQ;AIR ARUBA;?;;;;;;
KC;AIR ASTANA;169;;;;;;
LU;AIR ATLANTIC DOMINICANA;?;;;;;;
9A;AIR ATLANTIC LTD.;?;;;;;;
KI;AIR ATLANTIQUE;?;;;;;;
UU;AIR AUSTRAL;169;;;;;;
W9;Air Bagan;169;;;;;;
BT;AIR BALTIC;169;;;;;;
AJ;AIR BELGIUM INTERNATIONAL;?;;;;;;
AB;AIR BERLIN;745;;;;;;
KR;Air Bishkek;169;;;;;;
JA;AIR BOSNA;169;;;;;;
KF;AIR BOTNIA;?;;;;;;
BP;AIR BOTSWANA;169;;;;;;
2J;AIR BURKINA;169;;;;;;
PB;AIR BURUNDI;?;;;;;;
TY;AIR CALEDONIE;?;;;;;;
AC;AIR CANADA;14;;;;;;
TX;AIR CARAIBES EXPLOITATION;427;;;;;;
XC;AIR CARIBBEAN;?;;;;;;
C2;AIR CARIBBEAN LTD.;?;;;;;;
CV;AIR CHATHAMS;?;;;;;;
CA;AIR CHINA;999;;;;;;
3E;Air Choice One;169;;;;;;
E6;AIR COMPANY ELF-AIR;?;;;;;;
XK;Air Corsica;169;;;;;;
HF;Air Côte d'Ivoire;169;;;;;;
YN;AIR CREEBEC INC.;?;;;;;;
UX;AIR EUROPA;996;;;;;;
XT;AIR EXEL NETHERLANDS;?;;;;;;
XV;AIR EXPRESS;?;;;;;;
GS;AIR FOYLE;?;;;;;;
AF;AIR FRANCE;57;;;;;;
GN;AIR GABON;?;;;;;;
DA;AIR GEORGIA;?;;;;;;
JG;AIR GREECE;?;;;;;;
GI;AIR GUINEE;?;;;;;;
LD;AIR HONG KONG;?;;;;;;
NY;AIR ICELAND;?;;;;;;
AI;AIR INDIA;98;;;;;;
3H;AIR INUIT;?;;;;;;
I9;AIR ITALY;67;;;;;;
VU;AIR IVOIRE;84;;;;;;
JQ;AIR JAMAICA EXPRESS;169;;;;;;
JM;AIR JAMAICA LIMITED;169;;;;;;
2Y;AIR KAZAKSTAN;?;;;;;;
9Y;AIR KAZAKSTAN;?;;;;;;
9R;AIR KILROE;?;;;;;;
CD;AIR KOREA;?;;;;;;
JS;AIR KORYO;?;;;;;;
QH;Air Kyrgyzstan;169;;;;;;
VD;AIR LIBERTE;?;;;;;;
DR;AIR LINK;?;;;;;;
TT;AIR LITHUANIA;?;;;;;;
FU;AIR LITTORAL;?;;;;;;
NX;AIR MACAU;169;;;;;;
MD;AIR MADAGASCAR;169;;;;;;
MM;AIR MADEIRA;?;;;;;;
NM;AIR MADRID;?;;;;;;
QM;AIR MALAWI;169;;;;;;
L6;AIR MALDIVES;169;;;;;;
L9;AIR MALI;?;;;;;;
KM;AIR MALTA;169;;;;;;
6T;AIR MANDALAY;?;;;;;;
7N;AIR MANITOBA;169;;;;;;
CW;AIR MARSHALL ISLANDS;?;;;;;;
PN;AIR MARTINIQUE;?;;;;;;
MK;AIR MAURITIUS;169;;;;;;
ZV;AIR MIDWEST;?;;;;;;
AMG;AIR MINAS;333;;;;;;
6M;AIR MINAS;333;;;;;;
9U;AIR MOLDOVA;169;;;;;;
3R;AIR MOLDOVA INTERNATIONAL;?;;;;;;
7D;AIR MOLOKAI;169;;;;;;
QE;AIR MOOREA;?;;;;;;
SW;AIR NAMIBIA;186;;;;;;
SW;AIR NAMIBIA;169;;;;;;
NZ;AIR NEW ZEALAND;86;;;;;;
PX;AIR NIUGINI;169;;;;;;
4N;AIR NORTH;?;;;;;;
YW;AIR NOSTRUM;?;;;;;;
QK;AIR NOVA;?;;;;;;
YH;AIR NUNAVIT;?;;;;;;
AP;AIR ONE;169;;;;;;
GX;AIR ONTARIO;?;;;;;;
8K;AIR OSTRAVA;?;;;;;;
2P;AIR PHILIPPINES;?;;;;;;
GZ;AIR RAROTONGA;?;;;;;;
RY;AIR RWANDA;?;;;;;;
JU;Air Serbia;169;;;;;;
HM;AIR SEYCHELLES;169;;;;;;
4D;AIR SINAI;?;;;;;;
GM;AIR SLOVAKIA;?;;;;;;
CT;AIR SOFIA;?;;;;;;
8H;AIR SOUTH WEST;?;;;;;;
PJ;AIR ST. PIERRE;?;;;;;;
ZP;AIR ST. THOMAS;?;;;;;;
GO;AIR STORD;?;;;;;;
IU;AIR STRAUBING;?;;;;;;
YI;AIR SUNSHINE;?;;;;;;
VT;AIR TAHITI;169;;;;;;
TN;AIR TAHITI NUI;169;;;;;;
TC;AIR TANZANIA CORPORATION;169;;;;;;
HT;AIR TCHAD;?;;;;;;
6C;Air Timor;169;;;;;;
8T;AIR TINDI;?;;;;;;
SH;AIR TOULOUSE;?;;;;;;
TS;AIR TRANSAT;649;;;;;;
8C;AIR TRANSPORT INTERNATIONAL;?;;;;;;
U7;AIR UGANDA;169;;;;;;
6U;AIR UKRAINE;?;;;;;;
3N;AIR URGA;?;;;;;;
DO;AIR VALLEE;?;;;;;;
NF;AIR VANUATU;169;;;;;;
6V;AIR VEGAS;?;;;;;;
ZW;AIR WISCONSI;?;;;;;;
QC;AIR ZAIRE;?;;;;;;
UM;AIR ZIMBABWE;169;;;;;;
4F;AIR-CITY;?;;;;;;
AK;AIRASIA;900;;;;;;
ZX;AIRBC LTD.;?;;;;;;
ZF;AIRBORNE OF SWEDEN;?;;;;;;
SB;AIRCALIN;169;;;;;;
4C;AIRES;?;;;;;;
D4;AIRES DEL SUR;?;;;;;;
P2;Airkenya;169;;;;;;
QP;AIRKENYA AVIATION;?;;;;;;
C4;AIRLINES OF CARRIACOU;?;;;;;;
IP;AIRLINES OF TASMANIA;?;;;;;;
ND;AIRLINK;?;;;;;;
5T;AIRLINK AIRLINES;?;;;;;;
ID;AIRMAX;?;;;;;;
A7;AIRPLUS COMET;169;;;;;;
9G;AIRPORT EXPRESS SERVICES;169;;;;;;
5S;AIRSPEED AVIATION INC.;?;;;;;;
VZ;AIRTOURS INTENATIONAL AVIATION;?;;;;;;
FL;AIRTRAN AIRWAYS;332;;;;;;
E9;AJT AIR INTERNATIONAL;?;;;;;;
6L;AKLAK AIR;?;;;;;;
AS;ALASKA;169;;;;;;
AS;ALASKA AIRLINES;27;;;;;;
KO;ALASKA CENTRAL EXPRESS;?;;;;;;
6D;ALASKA ISLAND AIR INC.;?;;;;;;
J5;Alaska Seaplanes;169;;;;;;
7Y;ALBANIAN AIRLINES;?;;;;;;
LV;ALBANIAN AIRLINES;?;;;;;;
8Z;ALBATROS HAVACILK;?;;;;;;
AZ;ALITALIA;55;;;;;;
AZ;ALITALIA (RIO);55;;;;;;
RD;ALITALIA TEAM;?;;;;;;
TO;ALKAN AIR LTD.;?;;;;;;
NH;ALL NIPPON AIRWAYS;205;;;;;;
Y2;ALLIANCE;?;;;;;;
3A;ALLIANCE AIRLINES;?;;;;;;
LM;ALM-ANTILLEAN AIRLINES;?;;;;;;
AQ;ALOHA AIRLINES INC.;?;;;;;;
E8;ALPI EAGLES;?;;;;;;
5A;ALPINE AVIATION;?;;;;;;
AL;ALSAIR S.A.;?;;;;;;
DY;ALYEMDA-DEMOCRATIC YEMEN AIRLINES;?;;;;;;
Z8;AMASZONAS LINEA AEREA;464;;;;;;
5G;AMBER AIRWAYS;?;;;;;;
AME;AMERICA AIR;228;;;;;;
HP;AMERICA WEST AIRLINES;?;;;;;;
AA;AMERICAM AIRLINES INC.;1;;;;;;
AA;AMERICAN AIRLINES INC;1;;;;;;
AA;AMERICAN AIRLINES INC.;1;;;;;;
8A;AMERICANA DE AVIACION;?;;;;;;
2V;AMTRAK;?;;;;;;
EH;ANA WINGS;?;;;;;;
CK;ANDESMAR LINEAS AEREAS;?;;;;;;
N3;ANIC AIRWAYS;?;;;;;;
AN;ANSETT AUSTRALIA;?;;;;;;
ZQ;ANSETT NEW ZEALAND;?;;;;;;
YY;ANY AIRLINE;?;;;;;;
IW;AOM FRENCH AIRLINES;?;;;;;;
7P;APA INTERNATIONAL AIR;?;;;;;;
Y5;ARAX AIRWAYS;?;;;;;;
F5;ARCHANA AIRWAYS;?;;;;;;
5F;ARCTIC CIRCLE AIR;?;;;;;;
FG;ARIANA AFGHAN AIRLINES;?;;;;;;
W3;ARIK AIR;169;;;;;;
XA;ARINC;?;;;;;;
R6;ARIZONA AIRWAYS INC.;?;;;;;;
IZ;ARKIA ISRAELI AIRLINES LTD.;169;;;;;;
JW;ARROW AIR;?;;;;;;
R7;Aserca Airlines;169;;;;;;
Y3;ASIA SERVICE AIRLINES;?;;;;;;
OZ;ASIANA AIRLINES;169;;;;;;
KP;ASKY;169;;;;;;
5O;ASL Airlines France;169;;;;;;
C5;ASOCIADOS LATINAMERICAS DE TRANSPORTE;?;;;;;;
ASC;ASSISTCARD ASSISTENCIA;342;;;;;;
V2;ASSOCIATED AIRLINES;?;;;;;;
ST;ASTA;270;;;;;;
9T;ATHABASKA AIRWAYS LTD.;?;;;;;;
7B;ATLANT - SOYUZ AIRLINES;169;;;;;;
L4;ATLANT - SV;?;;;;;;
3G;ATLANT SOYUZ AIRLINES;?;;;;;;
RC;ATLANTIC AIRWAYS;169;;;;;;
DH;ATLANTIC COAST AIRLINES;?;;;;;;
5Y;ATLAS AIR;?;;;;;;
KK;Atlasglobal;169;;;;;;
HB;AUGUSTA AIRLINES;?;;;;;;
UI;Auric Air;169;;;;;;
GR;AURIGNY AIR SERVICES;169;;;;;;
HZ;Aurora Airlines;169;;;;;;
AUS;AUS-AIR;?;;;;;;
AU;AUSTRAL;?;;;;;;
IM;AUSTRALIA ASIA AIRLINES;?;;;;;;
OS;AUSTRIAN AIRLINES;220;;;;;;
OG;AUSTRIAN AIRTRANSPORT;?;;;;;;
G6;AV ATLANTIC;?;;;;;;
OT;AVANT AIRLINES;?;;;;;;
VE;AVENSA;?;;;;;;
YK;Avia Traffic Company;169;;;;;;
AO;AVIACO;?;;;;;;
6A;AVIACSA;169;;;;;;
AV;AVIANCA;134;;;;;;
O6;AVIANCA;247;;;;;;
O6;AVIANCA BRAZIL;247;;;;;;
GU;AVIATECA;?;;;;;;
UZ;AVIATION ENTERPRISE TESIS;?;;;;;;
V8;AVIATRANS;?;;;;;;
M4;AVIOIMPEX;?;;;;;;
9V;AVIOR AIRLINES;169;;;;;;
DF;AVIOSARDA;?;;;;;;
8D;AWOOD AIR LTD.;?;;;;;;
J2;AZERBAIJAN HAVA YOLLARI;169;;;;;;
ZE;AZTECA;?;;;;;;
AD;AZUL;335;;;;;;
AD;AZUL LINHAS AEREAS;335;;;;;;
AD;AZUL LINHAS AEREAS (BSP);577;;;;;;
UP;BAHAMASAIR;169;;;;;;
X3;BAIKAL AIRLINES;?;;;;;;
LZ;BALKAN-BULGARIAN AIRLINES;?;;;;;;
PG;BANGKOK AIRWAYS;169;;;;;;
V9;BASHKIR AIRLINES;?;;;;;;
6B;BAXTER AVIATION;?;;;;;;
JV;BEARSKIN AIRLINES;?;;;;;;
JD;Beijing Capital Airlines;169;;;;;;
Z9;BEK AIR;169;;;;;;
B2;BELAVIA BELARUSSIAN AIRLINES;169;;;;;;
B3;BELLVIEW AIRLINES;?;;;;;;
CH;BEMIDJI AIRLINES;?;;;;;;
8E;BERING AIR INC.;?;;;;;;
J8;BERJAYA AIR;169;;;;;;
BG;BIMAN BANGLADESH AIRLINES;169;;;;;;
NT;BINTER CANERIAS;169;;;;;;
EP;BLACKHAWK AIRWAYS INC.;?;;;;;;
0B;BLUE AIR;169;;;;;;
SI;Blue Islands;169;;;;;;
BV;Blue Panorama Airlines;169;;;;;;
BM;bmi regional;169;;;;;;
OB;BOLIVIANA DE AVIACION;930;;;;;;
YB;Borajet Airlines;169;;;;;;
6Z;BOSPHOROUS AIRWAYS;?;;;;;;
BO;BOURAQ INDONESIA;?;;;;;;
5Q;BQB LINHAS AEREAS;567;;;;;;
BRA;BRA TRANSPORTES AEREOS LTDA;674;;;;;;
TF;Braathens Regional Aviatio;169;;;;;;
BU;BRAATHENS S.A.F.E.;?;;;;;;
1X;Branson AirExpress;169;;;;;;
Z0;BRAVA;233;;;;;;
C6;BRIGHT AIR;?;;;;;;
DB;BRIT AIR;?;;;;;;
BY;BRITANNIA AIRWAYS;?;;;;;;
BA;BRITISH AIRWAYS;125;;;;;;
UR;BRITISH INTERNATIONAL HELICOPTERS;?;;;;;;
KJ;BRITISH MEDITERRANEAN AIRWAYS;?;;;;;;
VF;BRITISH WORLD AIRLINES;169;;;;;;
3Y;BRITRAIL;?;;;;;;
SN;BRUSSELS AIRLINES;220;;;;;;
BC;BRYMON AVIATION;?;;;;;;
BSP;BSP - MULTAS/ISS/CPMF;954;;;;;;
J4;BUFFALO AIRWAYS;?;;;;;;
FB;Bulgaria Air;169;;;;;;
DN;BULGARIAN LUCKY FLIGHT;169;;;;;;
8W;BURLINGTON AIR EXPRESS;?;;;;;;
II;BUSINESS AIR;?;;;;;;
5E;BUSINESS AVIATION SERVICES;?;;;;;;
HQ;BUSINESS EXPRESS;?;;;;;;
KG;CALEDONIAN AIRWAYS;?;;;;;;
MO;CALM AIR INTERNATIONAL LTD.;?;;;;;;
K6;Cambodia Angkor Air;169;;;;;;
BD;Cambodia Bayon Airlines;169;;;;;;
UY;CAMEROON AIRLINES;?;;;;;;
2T;CANADA 3000 AIRLINES;?;;;;;;
4A;CANADIAN EAGLE AIRLINES LTD.;?;;;;;;
9K;CAPE AIR;169;;;;;;
NS;CAPE YORK AIR SERVICE;?;;;;;;
B9;CARIBAIR;?;;;;;;
B8;CARIBBEAN AIRLINES;?;;;;;;
BW;Caribbean Airlines;169;;;;;;
KW;CARNIVAL AIRLINES;?;;;;;;
V3;CARPATAIR S.A;169;;;;;;
XP;CASINO EXPRESS;?;;;;;;
CX;CATHAY PACIFIC AIRWAYS;169;;;;;;
KX;CAYMAN AIRWAYS;169;;;;;;
ED;CCAIR INC.;?;;;;;;
5J;CEBU PACIFIC AIR;?;;;;;;
5Z;CemAir;169;;;;;;
3B;CENTRAL CONNECT AIRLINES JOBAIR;169;;;;;;
9M;CENTRAL MOUNTAIN AIR;?;;;;;;
M6;CHALAIR;?;;;;;;
MG;CHAMPION AIR;?;;;;;;
H6;CHELIABINSK AIR ENTERPRISE;?;;;;;;
C8;CHICAGO EXPRESS AIRLINES;?;;;;;;
CI;CHINA AIRLINES;169;;;;;;
MU;CHINA EASTERN AIRLINES;169;;;;;;
CJ;CHINA NORTHERN AIRLINES;?;;;;;;
CZ;CHINA SOUTHERN;784;;;;;;
KN;CHINA UNITED AIRLINES;900;;;;;;
QI;CIMBER AIR;169;;;;;;
FD;CITYFLYER EXPRESS;900;;;;;;
WX;CityJet;169;;;;;;
CC;CMAIRLINES;169;;;;;;
BX;COAST AIR;?;;;;;;
DQ;COASTAL AIR TRANSPORT;?;;;;;;
CQ;Coastal Aviation;169;;;;;;
YG;COCESNA;?;;;;;;
CS;codeshare;?;;;;;;
9L;COLGAN AIR;?;;;;;;
I5;COMPAGNIE AERIENNE DU MALI;169;;;;;;
C9;COMPAGNIE AERONAUTIQUE EUROPEENNE;?;;;;;;
CF;COMPANIA DE AVIACION FAUCETT;?;;;;;;
CP;COMPASS AIRLINES;?;;;;;;
DE;CONDOR FLUGDIENST;881;;;;;;
5C;CONQUEST AIRLINES;169;;;;;;
DD;CONTI-FLUG GMBH;?;;;;;;
CO;CONTINENTAL AIRLINES;5;;;;;;
V0;CONVIASA;169;;;;;;
VO;CONVIASA;900;;;;;;
CM;COPA AIRLINES;230;;;;;;
R8;CORPORATE CHARTER SERVICE;?;;;;;;
3C;CORPORATE EXPRESS AIRLINES;?;;;;;;
SS;Corsair International;169;;;;;;
OU;CROATIA AIRLINES;169;;;;;;
X5;CRONUS AIRLINES;?;;;;;;
VCR;CRUISER LINHAS AEREAS;299;;;;;;
VCR;CRUISER LINHAS AEREAS;990;;;;;;
CUR;CRUISER LINHAS AEREAS;991;;;;;;
OK;CSA Czech Airlines;169;;;;;;
CU;CUBANA DE AVIACION;169;;;;;;
CY;CYPRUS AIRWAYS;169;;;;;;
D3;DAALLO AIRLINES;?;;;;;;
6P;DAC AIR;?;;;;;;
DX;DANISH AIR TRANSPORT;?;;;;;;
0D;DARWIN AIRLINES;169;;;;;;
2G;DEBONAIR AIRWAYS;?;;;;;;
DL;DELTA AIR LINES;6;;;;;;
DL;DELTA AIR LINES BNU;6;;;;;;
DL;DELTA AIR LINES INC.;6;;;;;;
DL;DELTA AIR LINES JOI;6;;;;;;
DI;DEUTSCHE BA;?;;;;;;
2A;DEUTSCHE BAHN;?;;;;;;
ER;DHL AIRWAYS;?;;;;;;
9X;DIAMOND INTERNATIONAL AIRLINES;?;;;;;;
D8;DIAMOND SKHA AIRLINES;?;;;;;;
D7;DINAR LINEAS AEREAS;?;;;;;;
Z6;DNIEPROAVIA STATE AVIATION;169;;;;;;
YU;DOMINAIR;?;;;;;;
E3;DOMODEDOVO AIRLINES;?;;;;;;
D9;DONAVIA;?;;;;;;
KA;DRAGON AIR;169;;;;;;
KB;DRUK-AIR;?;;;;;;
QG;DYNAMIC AIR;?;;;;;;
2D;DYNAMIC AIRWAYS;169;;;;;;
ZN;EAGLE AIRLINES;?;;;;;;
Y4;EAGLE AVIATION;900;;;;;;
FE;EAGLE CANYON AIRLINES;?;;;;;;
B5;East African Safari Air Ex;169;;;;;;
4S;EAST WEST AIRLINES;?;;;;;;
EA;EASTERN AIR LINES INC.;?;;;;;;
T3;EASTERN AIRWAYS;169;;;;;;
U2;EASYJET;900;;;;;;
LC;ECAIR Equatorial Congo Air;169;;;;;;
8Y;ECUATO GUINEANA DE AVIACION;?;;;;;;
EU;ECUATORIANA;?;;;;;;
W2;EFATA PAPUA;365;;;;;;
MS;EGYPTAIR;169;;;;;;
LY;EL AL ISRAEL AIRLINES;114;;;;;;
EL;Ellinair;169;;;;;;
EK;EMIRATES;176;;;;;;
EK;EMIRATES (RIO);176;;;;;;
EM;EMPIRE AIRWAYS;?;;;;;;
UJ;EMPRESSA DE SERVICIOS MARITIMA;?;;;;;;
MQ;ENVOY AIR;?;;;;;;
E7;Equaflight;169;;;;;;
7H;ERA AVIATION;?;;;;;;
OV;ESTONIAN AIR;169;;;;;;
S8;ESTONIAN AVIATION;?;;;;;;
ET;ETHIOPIAN AIRLINES;71;;;;;;
EY;ETIHAD AIRWAYS;607;;;;;;
F7;Etihad Regional;169;;;;;;
RN;EURALAIR INTERNATIONAL;?;;;;;;
HH;EURO DIRECT AIRLINES;?;;;;;;
EE;EUROBERLIN FRANCE;?;;;;;;
GJ;EUROFLY;169;;;;;;
K2;EUROLOT S.A;169;;;;;;
Y6;EUROPE ELITE;?;;;;;;
QY;EUROPEAN AIR TRANSPORT;?;;;;;;
2H;EUROPEAN AIRWAYS;?;;;;;;
AWT;EUROPEBYAIR;117;;;;;;
EB;EUROPEBYAIR - TOWER TRAVEL BRASIL;?;;;;;;
JO;EUROSKY AIRLINES;?;;;;;;
9F;EUROSTAR;169;;;;;;
EW;EUROWINGS;220;;;;;;
BR;EVA AIRWAYS;169;;;;;;
E2;EVEREST AIR;?;;;;;;
X7;Exec Air Inc of Naples;169;;;;;;
NA;EXECUTIVE AIRLINES;?;;;;;;
FO;EXPEDITION AIRWAYS;?;;;;;;
9E;EXPRESS AIRLINES;?;;;;;;
EPR;EXPRESS AIRWAYS;169;;;;;;
EO;EXPRESS ONE INTERNATIONAL;169;;;;;;
EV;EXPRESSJET AIRLINES;?;;;;;;
N8;EXPRESSO AEREO;?;;;;;;
4X;F'AIRLINES;?;;;;;;
LK;FAIRLINES;?;;;;;;
IH;FALCON AVIATION;?;;;;;;
EF;FAR EASTERN AIR TRANSPORT CORP.;?;;;;;;
FN;fastjet;169;;;;;;
7V;Federal Airlines;169;;;;;;
FX;FEDEX;?;;;;;;
F8;FENIX AIRWAYS;?;;;;;;
PC;FIJI AIR;624;;;;;;
FJ;Fiji Airways;169;;;;;;
AY;FINNAIR OY;105;;;;;;
7F;FIRST AIR;169;;;;;;
3F;FIRST AMERICAN RAILWAYS;?;;;;;;
5H;Five Forty Aviation;169;;;;;;
FK;FLAMENCO AIRWAYS;?;;;;;;
IX;FLANDRE AIR;?;;;;;;
YC;FLIGHT WEST AIRLINES;?;;;;;;
RF;FLORIDA WEST;?;;;;;;
XZ;FLUGFELAG AUSTURLANDS HF.;?;;;;;;
FC;FLY CORPORATE;169;;;;;;
9H;FLY DAE;493;;;;;;
OJ;Fly Jamaica Airways;169;;;;;;
Z7;Flyafrica COM;169;;;;;;
BE;FLYBE;169;;;;;;
FZ;flydubai;169;;;;;;
F3;FLYING ENTERPRISE;?;;;;;;
KT;FLYKISS;169;;;;;;
XY;flynas;169;;;;;;
FYW;FLYWAYS LINHAS AÉREAS LTDA;777;;;;;;
A1;FLYWAYS LINHAS AÉREAS LTDA;777;;;;;;
HK;FOUR STAR AVIATION;?;;;;;;
ZU;FREEDOM AIR;?;;;;;;
F9;FRONTIER AIRLINES;422;;;;;;
2F;FRONTIER FLYING SERVICE;?;;;;;;
FH;FUTURA INTERNACIONAL;?;;;;;;
BS;GAMAIR LTD.;?;;;;;;
GA;GARUDA INDONESIAN;169;;;;;;
GT;GB AIRWAYS;?;;;;;;
A9;GEORGIAN AIRWAIYS;169;;;;;;
4U;GERMANWINGS;220;;;;;;
GH;GHANA AIRWAYS;?;;;;;;
9C;GILL AIRWAYS;?;;;;;;
Z5;GMG AIRLINES;169;;;;;;
G7;GOJET AIRLINES;?;;;;;;
G3;GOL;9;;;;;;
G3;GOL;127;;;;;;
G3;GOL APS;9;;;;;;
G3;GOL BNU;9;;;;;;
G3;GOL INTER APS;9;;;;;;
G3;GOL INTER CCM;9;;;;;;
G3;GOL INTER IGU;9;;;;;;
G3;GOL INTERNACIONAL;9;;;;;;
G3;GOL IOS;9;;;;;;
G3;GOL JPA;9;;;;;;
G3;GOL LINHAS AEREAS;9;;;;;;
G3;GOL MCZ;9;;;;;;
G3;GOL RIA;9;;;;;;
DC;GOLDEN AIR FLYG;169;;;;;;
GW;GOLDEN WEST AIRLINES;?;;;;;;
YD;GOMELAVIA;?;;;;;;
8G;GP EXPRESS AIRLINES INC.;?;;;;;;
QD;GRAND AIRWAYS INC.;?;;;;;;
8L;GRANDAIR;?;;;;;;
G9;GRANT AVIATION;?;;;;;;
MV;GREAT AMERICAN AIRWAYS;?;;;;;;
IF;GREAT CHINA AIRLINES;?;;;;;;
ZK;GREAT LAKES AVIATION;846;;;;;;
G2;GREENBRIER AIRLINES;?;;;;;;
GL;GREENLANDAIR INC.;?;;;;;;
ZG;Groznyy Avia;169;;;;;;
TWR;GRUPO TOWER TRAVEL;422;;;;;;
GTA;GTA;?;;;;;;
TD;GTI HAVA YOLLARI AIRLINES;?;;;;;;
G4;GUIZHOU AIRLINES;?;;;;;;
G8;GUJARAT AIRLINES;?;;;;;;
GF;GULF AIR;169;;;;;;
GY;GUYANA AIRWAYS;?;;;;;;
HR;HAHN AIR;169;;;;;;
H1;HAHN SYSTENS;169;;;;;;
HU;HAINAN AIRLINES;169;;;;;;
H4;HAINAN AIRLINES;?;;;;;;
7A;HAINES AIRWAYS;?;;;;;;
8F;HAITI NATIONAL AIRLINES (HANAIR);?;;;;;;
WD;HALISA AIR;?;;;;;;
4R;HAMBURG INTERNATIONAL;169;;;;;;
4H;HANNA'S AIR SALTSPRING;169;;;;;;
H3;HARBOUR AIR;?;;;;;;
HA;HAWAIIAN AIRLINES;169;;;;;;
ZL;HAZELTON AIRLINES;?;;;;;;
LE;HELGOLAND AIRLINES;?;;;;;;
YO;HELI-AIR-MONACO;?;;;;;;
ES;HELICUSCO;?;;;;;;
JB;HELIJET AIRWAYS;?;;;;;;
H9;HELISUL S/A LINHAS AEREAS(TAM EXPRESS);?;;;;;;
2L;Helvetic Airways;169;;;;;;
DU;HEMUS AIR;?;;;;;;
UD;HEX'AIR;?;;;;;;
HS;Héli-Sécurité Helicopter A;169;;;;;;
ZS;HISPANIOLA AIRWAYS;?;;;;;;
HJ;HOLMSTROEM FLYG AB;?;;;;;;
HX;HONG KONG AIRLINES;169;;;;;;
UO;HONG KONG EXPRESS AIRWAYS;169;;;;;;
QX;HORIZON AIR;481;;;;;;
RAH;HOTEL;998;;;;;;
HBE;HOTELBEDS;?;;;;;;
MR;HUNNU AIR;169;;;;;;
9K;HYANNIS AIR;?;;;;;;
IA;IATA BSP BRASIL;953;;;;;;
IA;IATA BSP BRASIL;956;;;;;;
IA;IATA BSP BRASIL;799;;;;;;
IB;IBERIA;75;;;;;;
IB;IBERIA (RIO);75;;;;;;
C3;ICAR INDEPENDENT CARRIER;?;;;;;;
FI;ICELANDAIR;169;;;;;;
LS;ILIAMNA AIR TAXI INC.;?;;;;;;
IK;IMAIR;?;;;;;;
VQ;IMPULSE AIRLINES;?;;;;;;
IC;INDIAN AIRLINES;169;;;;;;
7I;INSEL AIR;958;;;;;;
8I;Insel Air Aruba;169;;;;;;
AG;INTER PROVINCIAL AIRLINES;?;;;;;;
QB;INTER-QUEBEC;?;;;;;;
D6;Interair South Africa;169;;;;;;
Q9;INTERBRAZIL STAR;?;;;;;;
JY;interCaribbean Airways;169;;;;;;
4O;INTERJET;900;;;;;;
5W;INTERLINE;?;;;;;;
U5;INTERNATIONAL BUSINESS AIR;?;;;;;;
F4;INTERNATIONAL FLYING SERVICES;?;;;;;;
3L;INTERSKY LUFTFAHRT;169;;;;;;
A2;INTERSOMAL AIRLINES;?;;;;;;
IR;IRAN AIR;?;;;;;;
IA;IRAQI AIRWAYS;?;;;;;;
2E;IRELAND AIRWAYS;?;;;;;;
G5;ISLAND AIR;?;;;;;;
DG;ISLAND AIRLINES;?;;;;;;
IS;ISLAND AIRLINES;?;;;;;;
2S;ISLAND EXPRESS;?;;;;;;
WP;ISLANDAIR;347;;;;;;
CN;ISLANDS NATIONAIR;?;;;;;;
WC;ISLENA AIRLINES;?;;;;;;
FW;ISLES OF SCILLY SKYBUS LTD.;?;;;;;;
6H;Israir Airlines;169;;;;;;
IL;ISTANBUL AIRLINES;?;;;;;;
JL;JAL SAO PAULO;131;;;;;;
LN;JAMAHIRIYA LIBYAN ARAB AIRLINES;?;;;;;;
3X;JAPAN AIR COMMUTER;?;;;;;;
JN;JAPAN AIR COMMUTER CO. LTD.;?;;;;;;
JL;JAPAN AIRLINES;131;;;;;;
EG;JAPAN ASIA AIRWAYS;?;;;;;;
NU;JAPAN TRANSOCEAN AIR;169;;;;;;
JT;JARO INTERNATIONAL;?;;;;;;
j9;Jazeera Airways;169;;;;;;
7C;JEJU AIR;169;;;;;;
QJ;JET AIRWAYS;?;;;;;;
9W;JET AIRWAYS (INDIA);169;;;;;;
JF;Jet Asia Airways;169;;;;;;
PP;JET AVIATION BUSINESS JETS;?;;;;;;
B6;JET BLUE;279;;;;;;
LF;JET TRAIN CORP.;?;;;;;;
ZT;JETAIR;169;;;;;;
TB;JETAIRFLY;169;;;;;;
8J;JETALL;169;;;;;;
S2;JetLite;169;;;;;;
GK;JETSTAR JAPAN.;169;;;;;;
BL;JETSTAR PACIFIC AIRLINES;169;;;;;;
P7;JOINT STOCK CO. EAST LINE AIR;?;;;;;;
J6;JOINT STOCK HOLDING COMPANY - AVCOM;?;;;;;;
Y7;JSC Airline Taimyr;169;;;;;;
R9;JSC DONAVIA;169;;;;;;
3J;Jubba Airways;169;;;;;;
HO;Juneyao Airlines;169;;;;;;
L3;KAIKEN LINEAS AEREAS;?;;;;;;
K8;KALININGRAD AIR ENTERPRISE;?;;;;;;
RQ;KAM AIR;169;;;;;;
KV;KAVMINVODYAVIA AIRLINES;169;;;;;;
K4;KAZAKHSTAN AIRLINES;?;;;;;;
KD;KD AVIA;169;;;;;;
M5;KENMORE AIR;?;;;;;;
4K;KENN BOREK AIR;?;;;;;;
KQ;KENYA AIRWAYS;169;;;;;;
K3;KETCHIKAN AIR SERVICE;?;;;;;;
6S;KETCHIKAN AIR SERVICE INC.;?;;;;;;
BZ;KEYSTONE AIR SERVICE;?;;;;;;
X6;KHORS AIRCOMPANY;?;;;;;;
IT;KINGFISHER AIRLINES;169;;;;;;
KL;KLM-ROYAL DUTCH AIRLINES;74;;;;;;
KE;KOREAN AIR;180;;;;;;
6K;KORSAR;?;;;;;;
MN;kulula;169;;;;;;
KUO;KUONI;?;;;;;;
KU;KUWAIT AIRWAYS;169;;;;;;
KH;KYRNAIR;?;;;;;;
A0;L'AVION;?;;;;;;
7Z;L. B. LIMITED;?;;;;;;
B0;LA COMPAGNIE;169;;;;;;
LR;LACSA;133;;;;;;
LR;LACSA (RIO);133;;;;;;
LR;LACSA POA;133;;;;;;
UC;LADECO AIRLINES;?;;;;;;
IV;LADESA;?;;;;;;
6F;LAKER AIRWAYS;?;;;;;;
TM;LAM-LINHAS AEREAS DE MOCAMBIQUE;169;;;;;;
LA;LAN CHILE S.A.;45;;;;;;
LP;LAN PERU;45;;;;;;
BN;LANDAIR INTERNATIONAL AIRLINES;?;;;;;;
XL;LANEQUADOR;45;;;;;;
QV;LAO AVIATION;169;;;;;;
MJ;LAPA;?;;;;;;
L8;LAPARKAN AIRWAYS;?;;;;;;
7K;LARRY'S FLYING SERVICE;?;;;;;;
6G;LAS VEGAS AIRLINES;?;;;;;;
KZ;LASER;?;;;;;;
NG;LAUDA AIR;?;;;;;;
W4;LC Peru;169;;;;;;
LQ;LEBANESE AIR TRANSPORT;?;;;;;;
QL;LESOTHO AIRWAYS CORP.;?;;;;;;
HE;LGW WALTER;?;;;;;;
LI;LIAT (1974);169;;;;;;
GC;LINA-CONGO;?;;;;;;
RT;LINCOLN AIRLINES;?;;;;;;
LL;LINEAS AEREAS ALLEGRO;?;;;;;;
XU;LINK AIRWAYS;?;;;;;;
TE;LITHUANIAN AIRLINES;?;;;;;;
LB;LLOYD AEREO BOLIVIANO;51;;;;;;
L2;LOKEN AVIATION;?;;;;;;
YL;LONG ISLAND AIRLINES;?;;;;;;
LO;LOT POLISH AIRLINES;80;;;;;;
4J;LOVE AIR/MONTSERRAT AIRWAYS;?;;;;;;
XO;LTE INTERNATIONAL AIRWAYS;?;;;;;;
LT;LTU INTERNATIONAL AIRWAYS;169;;;;;;
8L;LUCKY AIR;169;;;;;;
LH;LUFTHANSA;220;;;;;;
CL;LUFTHANSA CITYLINE;220;;;;;;
L5;LUFTTRANSPORT AS;169;;;;;;
LG;LUXAIR;169;;;;;;
L7;LVIV AIRLINES;?;;;;;;
IN;MACEDONIAN AIRLINES;169;;;;;;
DM;MAERSK AIR;?;;;;;;
VB;MAERSK AIR LTD.;?;;;;;;
H5;MAGADAN AIRLINES;?;;;;;;
W5;MAHAN AVIATION;169;;;;;;
M2;MAHFOOZ AVIATION;?;;;;;;
MH;MALAYSIA AIRLINES;232;;;;;;
MA;MALEV-HUNGARIAN AIRLINES;169;;;;;;
6E;MALMO AVIATION;900;;;;;;
R5;MALTA AIR CHARTER;?;;;;;;
RI;MANDALA AIRLINES;?;;;;;;
AE;MANDARIN AIRLINES LTD.;169;;;;;;
JE;MANX AIRLINES;?;;;;;;
M1;MAP LINHAS AÉREAS;950;;;;;;
MAP;MAP LINHAS AÉREAS;950;;;;;;
BF;MARKAIR INC.;?;;;;;;
MP;MARTINAIR HOLLAND;169;;;;;;
MY;MAYA ISLAND AIR;169;;;;;;
7M;MAYAir;169;;;;;;
VL;Med-View Airline;169;;;;;;
IG;MERIDIANA;169;;;;;;
MZ;MERPATI NUSANTARA AIRLINES;?;;;;;;
YV;MESA AIRLINES;?;;;;;;
XJ;MESABA AVIATION;?;;;;;;
OW;METAVIA AIRLINES;?;;;;;;
FY;METROFLIGHT AIRLINES;?;;;;;;
MX;MEXICANA;132;;;;;;
OM;MIAT-MONGOLIAN AIRLINES;169;;;;;;
ME;MIDDLE EAST AIRLINES;169;;;;;;
JI;MIDWAY AIRLINES;?;;;;;;
OX;MILLION AIR;?;;;;;;
Q2;MINERVA AIRLINES;?;;;;;;
FS;MISSIONARY AVIATION FELLOWSHIP;169;;;;;;
7G;MK AIRLINES;?;;;;;;
MW;MOKULELE AIRLINES;169;;;;;;
2M;MOLDAVIAN AIRLINES;169;;;;;;
ZB;MONARCH AIRLINES;?;;;;;;
YM;MONTENEGRO AIRLINES;169;;;;;;
M8;MOSCOW AIRWAYS;?;;;;;;
M9;Motor Sich Airlines;169;;;;;;
NM;MOUNT COOK AIRLINES;?;;;;;;
ZR;MUK AIR;?;;;;;;
Q4;MUSTIQUE AIRWAYS;?;;;;;;
MYA;MY ASSISTANCE;336;;;;;;
UB;MYANMA AIRWAYS;209;;;;;;
8M;MYANMAR AIRWAYS INTL.;169;;;;;;
MFB;MYSTIFLY;900;;;;;;
NC;NACIONAL TRANSPORTES AEROS;?;;;;;;
HC;NASKE-AIR;?;;;;;;
YJ;NATIONAL AIRLINES;?;;;;;;
N4;NATIONAL AIRLINES CHILE;?;;;;;;
N5;NATIONS AIR EXPRESS;?;;;;;;
CE;NATIONWIDE AIR;?;;;;;;
ON;Nauru Airlines;169;;;;;;
3Z;NECON AIR LTD.;?;;;;;;
D5;NEPC AIRLINES;?;;;;;;
EJ;NEW ENGLAND AIRLINES;?;;;;;;
HD;NEW YORK HELICOPTER;?;;;;;;
WA;NEWAIR;?;;;;;;
2N;Nextjet;169;;;;;;
6Y;NICARAGUENSES DE AVIACION;?;;;;;;
WT;NIGERIA AIRWAYS;?;;;;;;
HG;NIKI AIR;169;;;;;;
HN;NLM-DUTCH AIRLINES;?;;;;;;
NO;NO AR LINHAS AEREAS;238;;;;;;
5N;Nordavia - Regional Airlin;169;;;;;;
JH;NORDESTE;264;;;;;;
DJ;NORDIC EUROPEAN AIRLINES;?;;;;;;
NJ;NORDISK AVIATION PRODUCTS;?;;;;;;
NR;NORONTAIR;?;;;;;;
N9;NORTH COAST AVIATION;?;;;;;;
HW;NORTH-WRIGHT AIR;?;;;;;;
NW;NORTHWEST AIRLINES INC.;12;;;;;;
NV;NORTHWEST TERRITORIAL AIRWAYS LTD.;?;;;;;;
J3;Northwestern Air Lease;169;;;;;;
BJ;Nouvelair;169;;;;;;
UQ;O'CONNOR AIRLINES;?;;;;;;
O6;OCEANAIR (AJU);223;;;;;;
OC;OCEANAIR (AJU);223;;;;;;
OC;OCEANAIR (BEL);223;;;;;;
O6;OCEANAIR (BEL);223;;;;;;
OC;OCEANAIR (BHZ);223;;;;;;
O6;OCEANAIR (BHZ);223;;;;;;
O6;OCEANAIR (BNU);223;;;;;;
OC;OCEANAIR (BNU);223;;;;;;
OC;OCEANAIR (BSB);223;;;;;;
O6;OCEANAIR (BSB);223;;;;;;
OC;OCEANAIR (CCM);223;;;;;;
O6;OCEANAIR (CPQ);223;;;;;;
OC;OCEANAIR (CPQ);223;;;;;;
O6;OCEANAIR (CWB);223;;;;;;
OC;OCEANAIR (CWB);223;;;;;;
O6;OCEANAIR (FLN);223;;;;;;
OC;OCEANAIR (FLN);223;;;;;;
O6;OCEANAIR (FOR);223;;;;;;
OC;OCEANAIR (FOR);223;;;;;;
OC;OCEANAIR (GYN);223;;;;;;
O6;OCEANAIR (GYN);223;;;;;;
O6;OCEANAIR (IGU);223;;;;;;
O6;OCEANAIR (IPN);223;;;;;;
O6;OCEANAIR (JOI);223;;;;;;
OC;OCEANAIR (JOI);223;;;;;;
O6;OCEANAIR (LDB);223;;;;;;
OC;OCEANAIR (LDB);223;;;;;;
O6;OCEANAIR (MAO);223;;;;;;
OC;OCEANAIR (MAO);223;;;;;;
O6;OCEANAIR (MGF);223;;;;;;
OC;OCEANAIR (MGF);223;;;;;;
O6;OCEANAIR (NAT);223;;;;;;
OC;OCEANAIR (NAT);223;;;;;;
OC;OCEANAIR (POA);223;;;;;;
O6;OCEANAIR (POA);223;;;;;;
O6;OCEANAIR (RAO);223;;;;;;
OC;OCEANAIR (RAO);223;;;;;;
O6;OCEANAIR (REC);223;;;;;;
OC;OCEANAIR (REC);223;;;;;;
OC;OCEANAIR (RIO);223;;;;;;
O6;OCEANAIR (RIO);223;;;;;;
OC;OCEANAIR (SAO);223;;;;;;
O6;OCEANAIR (SAO);223;;;;;;
O6;OCEANAIR (SJK);223;;;;;;
OC;OCEANAIR (SJK);223;;;;;;
OC;OCEANAIR (SSA);223;;;;;;
O6;OCEANAIR (SSA);223;;;;;;
O6;OCEANAIR (SSZ);223;;;;;;
OC;OCEANAIR (SSZ);223;;;;;;
O6;OCEANAIR (UDI);223;;;;;;
OC;OCEANAIR (UDI);223;;;;;;
O6;OCEANAIR (VIX);223;;;;;;
OC;OCEANAIR (VIX);223;;;;;;
O6;OCEANAIR CVC;223;;;;;;
O6;OCEANAIR IOS;223;;;;;;
5K;ODESSA AIRLINES;?;;;;;;
4B;OLSON AIR SERVICE;?;;;;;;
OL;OLT-OSTFRIESISCHE LUFTTRANSPORT GMBH;169;;;;;;
OA;OLYMPIC AIRWAYS;169;;;;;;
7U;OLYMPIC AVIATION S.A.;?;;;;;;
WY;OMAN AIR;169;;;;;;
8Q;Onur Air;169;;;;;;
EC;OPENSKIE;452;;;;;;
NQ;ORBI GEORGIAN AIRWAYS;?;;;;;;
R2;ORENAIR;169;;;;;;
V6;ORIENT-AVIA AIRLINES;?;;;;;;
8P;PACIFIC COASTAL AIRLINES LIMITED;?;;;;;;
9J;PACIFIC ISLAND AVIATION;?;;;;;;
LW;PACIFIC WING AIRLINES;169;;;;;;
PK;PAKISTAN INTERNATIONAL AIRLINES;169;;;;;;
3D;PALAIR MACEIDONIAN AIR LINES;?;;;;;;
PF;PALESTINIAN AIRLINES;?;;;;;;
PV;PAN AIR;?;;;;;;
OP;PAN AM AIR BRIDGE;?;;;;;;
PA;PAN AMERICAN WORLD AIRWAYS INC.;?;;;;;;
##;PANTANAL;?;;;;;;
P8;PANTANAL;?;;;;;;
GP;PANTANAL;?;;;;;;
HI;PAPILLON AIRWAYS;?;;;;;;
BK;PARADISE ISLAND AIRLINES;?;;;;;;
P6;Pascan Aviation;169;;;;;;
P3;PASSAREDO;837;;;;;;
2Z;PASSAREDO TRANSPORTES;837;;;;;;
Y8;PASSAREDO TRANSPORTES;?;;;;;;
2Z;PASSAREDO TRANSPORTES RIA;837;;;;;;
7Q;PAWA DOMINICANA;?;;;;;;
9P;PELANGI AIR;?;;;;;;
KS;PENAIR;339;;;;;;
P9;Peruvian Airlines;169;;;;;;
PR;PHILIPPINE AIRLINES;169;;;;;;
2Q;PHOENIX AIRWAYS;?;;;;;;
PT;PIEDMONT AIRLINES;?;;;;;;
PU;PLUNA;286;;;;;;
PU;PLUNA (RIO);286;;;;;;
PU;PLUS ULTRA LINEAS AEREAS;169;;;;;;
CG;PNG Air;169;;;;;;
PO;POLAR AIR CARGO;?;;;;;;
YQ;POLET AIRLINES;169;;;;;;
PH;POLYNESIAN;?;;;;;;
PD;PORTER AIRLINES;169;;;;;;
NI;PORTUGALIA;?;;;;;;
PW;PRECISION AIR;169;;;;;;
RP;PRECISION AIRLINES;?;;;;;;
DK;PREMIAIR;?;;;;;;
OI;PRESTIGE AIRWAYS;?;;;;;;
T9;PRIME AIR;?;;;;;;
PVG;PRIVILEGE;?;;;;;;
P0;PROFLIGTH COMMUTER SERVICES;169;;;;;;
Z3;PROMECH AIR;?;;;;;;
YS;PROTEUS;?;;;;;;
OH;PSA AIRLINES;?;;;;;;
5P;PTARMIGAN AIRWAYS LTD.;?;;;;;;
Z4;PUMA AIR;221;;;;;;
QF;QANTAS AIRWAYS;81;;;;;;
QR;QATAR AIRWAYS;157;;;;;;
WZ;RED WINGS AIRLINES;169;;;;;;
RX;REDWING AIRWAYS;?;;;;;;
RV;REEVE ALEUTIAN AIRWAYS;?;;;;;;
RX;REGENT AIRWAYS;169;;;;;;
7S;REGION AIR;?;;;;;;
RL;REGION AIR CARIBBEAN;?;;;;;;
8N;Regional Air Services;169;;;;;;
VM;REGIONAL AIRLINES;?;;;;;;
QQ;RENO AIR INC.;?;;;;;;
9Z;REPLACEMENT SERVICE CARRIER;?;;;;;;
YX;REPUBLIC AIRLINE;?;;;;;;
RES;RESTEL;?;;;;;;
RW;RHEINLAND AIR SERVICE.;?;;;;;;
WE;RHEINTALFLUG SEEWALD;?;;;;;;
6R;RICHARDS AVIATION INC.;?;;;;;;
C7;RICO LINHAS AEREAS;224;;;;;;
GV;RIGA AIRLINES;?;;;;;;
SL;RIO-SUL - SERVICOS AEREOS REGIONAIS;293;;;;;;
JC;ROCKY MOUNTAIN AIRWAYS;?;;;;;;
WQ;ROMAVIA;?;;;;;;
ZD;ROSS AVIATION INC.;?;;;;;;
FV;ROSSIYA RUSSIAN AIRLINES;169;;;;;;
DW;ROTTNEST AIRLINES;?;;;;;;
5R;ROVER AIRWAYS;?;;;;;;
RR;ROYAL AIR FORCE;?;;;;;;
AT;ROYAL AIR MAROC;147;;;;;;
BI;ROYAL BRUNEI AIRLINES;169;;;;;;
RS;ROYAL FLIGHT OF OMAN;?;;;;;;
RJ;ROYAL JORDANIAN;512;;;;;;
RA;ROYAL NEPAL AIRLINES;?;;;;;;
ZC;ROYAL SWAZI NATIONAL AIRWAYS CORP.;?;;;;;;
WR;ROYAL TONGAN AIRLINES;?;;;;;;
7R;RusLine;169;;;;;;
R4;RUSSIA;?;;;;;;
WB;RWANDAIR EXPRESS;169;;;;;;
FR;RYANAIR;900;;;;;;
4Z;S. A. AIRLINK;?;;;;;;
FA;SAFAIR;?;;;;;;
F2;Safarilink;169;;;;;;
4Q;Safi Airways;169;;;;;;
K7;SAKHA AVIA;?;;;;;;
RH;SAL SAXONIA AIRLINES;?;;;;;;
8S;SALAIR INC.;?;;;;;;
E5;SAMARA AIRLINES;?;;;;;;
SE;SAMOA AIR;927;;;;;;
RZ;SANSA;?;;;;;;
S3;SANTA BARBARA AIRLINES;169;;;;;;
6W;Saratov Airlines;169;;;;;;
SK;SAS-SCANDINAVIAN AIRLI;117;;;;;;
SP;SATA AIR ACORES;169;;;;;;
S4;SATA INTERNATIONAL;169;;;;;;
SV;SAUDI ARABIAN AIRLINES;169;;;;;;
SK;SCANDINAVIAN;117;;;;;;
DV;SCAT Airlines;169;;;;;;
YR;SCENIC AIRLINES INC.;?;;;;;;
ZM;SCIBE-AIRLIFT;?;;;;;;
TZ;SCOOT Pte Ltd.;169;;;;;;
BB;SEABORNE AIRLINES;169;;;;;;
SG;SEMPATI AIR;169;;;;;;
VC;SERVIVENSA;?;;;;;;
SLX;SETE LINNHAS AEREAS;229;;;;;;
D2;SEVERSTAL AIRCOMPANY;169;;;;;;
NL;SHAHEEN AIR INTERNATIONAL;?;;;;;;
SC;SHANDONG AIRLINES;169;;;;;;
FM;SHANGHAI AIRLINES;169;;;;;;
SF;SHANGHAI AIRLINES;?;;;;;;
FM;SHANGHAI AIRLINES;900;;;;;;
4G;SHENZHEN AIRLINES;169;;;;;;
ZH;SHENZHENAIR AIRLINES;169;;;;;;
5M;SIBAVIATRANS;?;;;;;;
S7;SIBERIA AIRLINES;169;;;;;;
3U;SICHUAN AIRLINES;169;;;;;;
FT;SIEM REAP AIRWAYS;169;;;;;;
LJ;SIERRA NATIONAL AIRLINES;?;;;;;;
MI;SILKAIR;618;;;;;;
3M;SILVER AIRWAYS;169;;;;;;
SQ;SINGAPORE AIRLINES;618;;;;;;
6X;SITA;?;;;;;;
XS;SITA;?;;;;;;
7J;SKAGWAY AIR;?;;;;;;
H2;SKY AIRLINE;605;;;;;;
ZA;Sky Angkor Airlines;169;;;;;;
GQ;Sky Express;169;;;;;;
XW;SKY EXPRESS;169;;;;;;
NE;SKYEUROPE AIRLINES;169;;;;;;
NP;SKYTRANS;?;;;;;;
K9;SKYWARD AVIATION;?;;;;;;
JZ;SKYWAYS;169;;;;;;
OO;SKYWEST AIRLINES;?;;;;;;
XR;SKYWEST AIRLINES;169;;;;;;
YT;SKYWEST AIRLINES;?;;;;;;
9S;SLOVAK AIRLINES;?;;;;;;
QS;SMART WINGS;169;;;;;;
2C;SNCF;0;;;;;;
8R;SOL;169;;;;;;
SO;SOL LINHAS AEREAS;700;;;;;;
IE;SOLOMON AIRLINES;169;;;;;;
SZ;Somon Air;169;;;;;;
SA;SOUTH AFRICAN;83;;;;;;
SA;SOUTH AFRICAN AIRWAYS;83;;;;;;
XE;SOUTHCENTRAL AIR;?;;;;;;
2D;SOUTHEAST AIRLINES;?;;;;;;
6J;SOUTHEAST EUROPEAN AIRLINES;?;;;;;;
SJ;SOUTHERN AIR TRANSPORT;?;;;;;;
WK;SOUTHERN AIR TRANSPORT;220;;;;;;
ZO;SOUTHERN FLIGHT AVIATION;?;;;;;;
A4;SOUTHERN WINDS;?;;;;;;
WN;SOUTHWEST AIRLINES;526;;;;;;
JK;SPANAIR;680;;;;;;
NK;SPIRIT AIRLINES;900;;;;;;
UL;SriLankan Airlines;169;;;;;;
2R;STAR EUROPE;?;;;;;;
2I;STAR PERU;156;;;;;;
S9;Starbow Airlines;169;;;;;;
NB;STERLING EUROPEAN AIRLINES;?;;;;;;
CB;SUCKLING AIRWAYS;?;;;;;;
SD;SUDAN AIRWAYS;?;;;;;;
SUL;SULAMERICA;909;;;;;;
SY;SUN COUNTRY AIRLINES;169;;;;;;
X8;SUN COUNTY AIRLINES;?;;;;;;
EZ;SUN-AIR OF SCANDINAVIA;?;;;;;;
XQ;SunExpress;169;;;;;;
XG;SunExpress Deutschland;169;;;;;;
PI;SUNFLOWER AIRLINES;?;;;;;;
JX;SUNJET INTERNATIONAL AIRLINES;?;;;;;;
S6;Sunrise Airways;169;;;;;;
SM;SUNWORLD INTERNATIONAL;?;;;;;;
PY;SURINAM AIRWAYS;169;;;;;;
LX;SWISS;724;;;;;;
SR;SWISSAIR;85;;;;;;
7E;SYLT AIR;169;;;;;;
RB;SYRIAN ARAB AIRLINES;?;;;;;;
TW;T'way Air;169;;;;;;
DT;TAAG - ANGOLA AILINES;118;;;;;;
DT;TAAG - ANGOLA AIRLINES;118;;;;;;
T2;TABA-TRANSPORTES AEREOS REG. DA BACIA;?;;;;;;
T0;TACA;530;;;;;;
TA;TACA INTERNATIONAL AIRLINES S.A.;202;;;;;;
T0;TACA POA;530;;;;;;
VR;TACV-CABO VERDE AIRLINES;696;;;;;;
GD;TAESA;?;;;;;;
TAF;TAF LINHAS AEREAS;334;;;;;;
JJ;TAM;957;;;;;;
PZ;TAM;692;;;;;;
PZ;TAM;957;;;;;;
EQ;TAME;169;;;;;;
4E;TANANA AIR SERVICE;?;;;;;;
TP;TAP AIR PORTUGAL;47;;;;;;
9Q;TAQUAN AIR SERVICE INC.;?;;;;;;
RO;TAROM-ROMANIAN AIR TRANSPORT;169;;;;;;
PQ;TASHKENT AIRCRAFT;?;;;;;;
IJ;TAT EUROPEAN AIRLINES;?;;;;;;
U9;TATARSTAN AIR COMPANY;169;;;;;;
3K;TATONDUK FLYING SERVICE;169;;;;;;
T6;TAVREY AIRCOMPANY;?;;;;;;
4T;TCH OF RUSSIAN AIRLINES;?;;;;;;
RU;TCI SKYKING;?;;;;;;
TE;TEAM LINHAS AEREAS;986;;;;;;
E1;TEAM LINHAS AEREAS;225;;;;;;
TEA;TEAM TRANSPORTES AEREOS;992;;;;;;
ZJ;TEDDY AIR A/S;?;;;;;;
4P;TEESIDE AVIATION;?;;;;;;
TG;THAI AIRWAYS INTERNATIONAL LTD.;217;;;;;;
MT;Thomas Cook Airlines;169;;;;;;
GS;TIANJIN AIRLINES;169;;;;;;
3P;Tiara Air;169;;;;;;
5B;TIE AVIATION;?;;;;;;
TR;TIGER AIRWAYS;900;;;;;;
TI;TOL AIR SERVICE;?;;;;;;
TL;TOTAL;987;;;;;;
T1;TOTAL LINHAS AEREAS S/A;226;;;;;;
9D;TOUMAI AIR TCHAD;169;;;;;;
TOU;TOURICO;?;;;;;;
FF;TOWER AIR;?;;;;;;
TJ;Tradewind Aviation;169;;;;;;
Y9;TRANS AIR CARGO;?;;;;;;
7T;TRANS COTE;?;;;;;;
AX;TRANS STATES AIRLINES;?;;;;;;
UN;TRANSAERO AIRLINES;169;;;;;;
GE;TRANSASIA AIRWAYS;?;;;;;;
HV;TRANSAVIA AIRLINES;?;;;;;;
TR;TRANSBRASIL;?;;;;;;
DZ;TRANSCARAIBES AIR INTERNATIONAL;?;;;;;;
THL;TRANSHOTEL;?;;;;;;
T7;TRANSLIFT AIRWAYS;?;;;;;;
TH;TRANSMILE AIR SERVICE;?;;;;;;
8B;TransNusa;169;;;;;;
5U;TRANSPORTES AEREOS;169;;;;;;
YZ;TRANSPORTES AEREOS DA GUINE-BISSAU;900;;;;;;
QT;TRANSPORTES AEREOS MERCANTILES;?;;;;;;
T8;TRANSPORTES AEREOS NEUQUEN DEL ESTADO;?;;;;;;
BH;TRANSTATE AIRLINES;?;;;;;;
TQ;TRANSWEDE AIRWAYS;?;;;;;;
OF;TRAVAUX AERIENS DE MADAGASCAR;?;;;;;;
TVC;TRAVCO;?;;;;;;
ACE;TRAVEL ACE ASSISTANCE;337;;;;;;
U3;TRAVELAIR;?;;;;;;
TRE;TREND;?;;;;;;
TRE;TREND INTERNACIONAL;?;;;;;;
TRP;TRIP;996;;;;;;
8R;TRIP LINHAS AEREAS;?;;;;;;
T4;TRIP LINHAS AEREAS;661;;;;;;
9N;TROPIC AIR;169;;;;;;
PM;TROPIC AIR;?;;;;;;
OR;TUIfly Netherlands;169;;;;;;
UG;TUNINTER;?;;;;;;
TU;TUNIS AIR;169;;;;;;
3T;TURAN AIR AIRLINE;?;;;;;;
UF;TURKESTAN AIRLINES;?;;;;;;
TK;TURKISH AIRLINES;235;;;;;;
T5;Turkmenistan Airlines;169;;;;;;
QW;TURKS AND CAICOS AIRWAYS;?;;;;;;
U8;Tus Airways;169;;;;;;
WI;U-LAND AIRLINES;?;;;;;;
UE;UAIR AIR EURO AMERICA S/A;?;;;;;;
QU;UGANDA AIRLINES;?;;;;;;
PS;UKRAINE INTERNATIONAL AIRLINES;169;;;;;;
B7;Uni Air;169;;;;;;
UA;UNITED AIR LINES;16;;;;;;
UA;UNITED AIRLINES;16;;;;;;
5X;UNITED PARCEL SERVICE CO.;?;;;;;;
UW;UNIVERSAL AIRLINES;?;;;;;;
UV;UNIVERSAL AIRWAYS;?;;;;;;
U6;URAL AIRLINES;169;;;;;;
US;US AIRWAYS;1;;;;;;
UH;US HELICOPTER CORP;256;;;;;;
UT;UTAIR AVIATION JSC;169;;;;;;
HY;UZBEKISTAN AIRWAYS;169;;;;;;
J7;VALUJET AIRLINES;?;;;;;;
RG;VARIG;42;;;;;;
VP;VASP;343;;;;;;
VP;VASP VIACAO AEREA SAO PAULO;343;;;;;;
V4;Vieques Air Link;169;;;;;;
VI;VIEQUES AIR LINK INC.;?;;;;;;
VJ;VietJet Air;169;;;;;;
VN;VIETNAM AIRLINES;169;;;;;;
NN;VIM AIRLINES;169;;;;;;
VX;Virgin America;169;;;;;;
VS;VIRGIN ATLANTIC;169;;;;;;
VA;VIRGIN AUSTRALIA INTL;169;;;;;;
TV;VIRGIN EXPRESS;?;;;;;;
S5;VIRGIN ISLANDS AIRWAYS;?;;;;;;
VK;VIRGIN NIGERIAN AIRWAYS;169;;;;;;
5V;VISTAJET;?;;;;;;
UK;Vistara;169;;;;;;
XF;VLADIVOSTOK AIR;169;;;;;;
VG;VLM NEDERLAND;169;;;;;;
V7;Volotea;169;;;;;;
4V;VOYAGEUR AIRWAYS;?;;;;;;
VY;VUELING AIRLINES;169;;;;;;
3V;WAGLISLA AIR INC.;?;;;;;;
4W;WARBELOW'S AIR VENTURES;?;;;;;;
WG;WASAYA AIRWAYS;?;;;;;;
KY;WATERWINGS AIRWAYS (TE ANAU) LTD.;?;;;;;;
WH;WEBJET LINHAS AEREAS;993;;;;;;
WJ;WEBJET LINHAS AEREAS;993;;;;;;
2W;WELCOME AIR;169;;;;;;
8O;WEST COAST AIR;?;;;;;;
3W;WEST COAST AIRLINES;?;;;;;;
OE;WESTAIR AIRLINES;?;;;;;;
MB;WESTERN AIRLINES;?;;;;;;
2U;WESTERN PACIFIC AIR;?;;;;;;
W7;WESTERN PACIFIC AIRLINES;169;;;;;;
WS;WestJet;169;;;;;;
WW;WHYALLA AIRLINES;?;;;;;;
WF;WIDEROES FLYVESELSKAP;?;;;;;;
WM;WIN AIR;169;;;;;;
7W;Windrose Airlines;169;;;;;;
WM;WINDWARD ISLAND AIRWAYS INT'L. N.V.;169;;;;;;
K5;WINGS OF ALASKA;169;;;;;;
RM;WINGS WEST AIRLINES;?;;;;;;
WO;WORLD AIRWAYS;?;;;;;;
8V;WRIGHT AIR SERVICE;?;;;;;;
WU;WUHAN AIRLINES;?;;;;;;
MF;XIAMEN AIRLINES;169;;;;;;
R3;YAKUTIA AIRLINES;169;;;;;;
YE;YanAir;169;;;;;;
IY;YEMENIA YEMEN AIRWAYS;169;;;;;;
4Y;YUTE AIR ALASKA;?;;;;;;
QZ;ZAMBIA AIRWAYS;?;;;;;;
OQ;ZAMBIA EXPRESS;?;;;;;;
B4;ZanAir;169;;;;;;
OD;ZULIANA DE AVIACION C.A.;?;;;;;;
;;;;;;;;
;;;;;;;;
;;;;;;;;
;;;;;;;;
;;;;;;;;
;;;;;;;;
;;;;;;;;
;;;;;;;;
;;;;;;;;
;;;;;;;;
;;;;;;;;
;;;;;;;;
;;;;;;;;
;;;;;;;;
;;;;;;;;
;;;;;;;;
;;;;;;;;
;;;;;;;;
;;;;;;;;
;;;;;;;;
;;;;;;;;
;;;;;;;;
;;;;;;;;
;;;;;;;;
;;;;;;;;
;;;;;;;;
;;;;;;;;
;;;;;;;;
;;;;;;;;
;;;;;;;;
;;;;;;;;
;;;;;;;;
;;;;;;;;
;;;;;;;;
;;;;;;;;
;;;;;;;;
;;;;;;;;
;;;;;;;;
;;;;;;;;
;;;;;;;;
;;;;;;;;
;;;;;;;;
;;;;;;;;
;;;;;;;;
;;;;;;;;
;;;;;;;;
;;;;;;;;
;;;;;;;;
;;;;;;;;
;;;;;;;;
;;;;;;;;
;;;;;;;;
;;;;;;;;
;;;;;;;;
;;;;;;;;
;;;;;;;;
;;;;;;;;
;;;;;;;;
;;;;;;;;
;;;;;;;;
;;;;;;;;
;;;;;;;;
;;;;;;;;
;;;;;;;;
;;;;;;;;
;;;;;;;;
;;;;;;;;
;;;;;;;;
;;;;;;;;
;;;;;;;;
;;;;;;;;
;;;;;;;;
;;;;;;;;
;;;;;;;;
;;;;;;;;
;;;;;;;;
;;;;;;;;
;;;;;;;;
;;;;;;;;
;;;;;;;;
;;;;;;;;
;;;;;;;;
;;;;;;;;
;;;;;;;;
;;;;;;;;
;;;;;;;;
;;;;;;;;
;;;;;;;;
;;;;;;;;
;;;;;;;;
;;;;;;;;
;;;;;;;;
;;;;;;;;
;;;;;;;;
;;;;;;;;
;;;;;;;;
;;;;;;;;
;;;;;;;;
;;;;;;;;
;;;;;;;;
;;;;;;;;
;;;;;;;;
;;;;;;;;
;;;;;;;;
;;;;;;;;
;;;;;;;;
;;;;;;;;
;;;;;;;;
;;;;;;;;
;;;;;;;;
;;;;;;;;
;;;;;;;;
;;;;;;;;
;;;;;;;;
;;;;;;;;
;;;;;;;;
;;;;;;;;
;;;;;;;;
;;;;;;;;
;;;;;;;;
;;;;;;;;
;;;;;;;;
;;;;;;;;
;;;;;;;;
;;;;;;;;
;;;;;;;;
;;;;;;;;
;;;;;;;;
;;;;;;;;
;;;;;;;;
;;;;;;;;
;;;;;;;;
;;;;;;;;
;;;;;;;;
;;;;;;;;
;;;;;;;;
;;;;;;;;
;;;;;;;;
;;;;;;;;
;;;;;;;;
;;;;;;;;
;;;;;;;;
;;;;;;;;
;;;;;;;;
;;;;;;;;
;;;;;;;;
;;;;;;;;
;;;;;;;;
;;;;;;;;
;;;;;;;;
;;;;;;;;
;;;;;;;;
;;;;;;;;
;;;;;;;;
;;;;;;;;
;;;;;;;;
;;;;;;;;
;;;;;;;;
;;;;;;;;
;;;;;;;;
;;;;;;;;
;;;;;;;;
;;;;;;;;
;;;;;;;;
;;;;;;;;
;;;;;;;;
;;;;;;;;
;;;;;;;;
;;;;;;;;
;;;;;;;;
;;;;;;;;
;;;;;;;;
;;;;;;;;
;;;;;;;;
;;;;;;;;
;;;;;;;;
;;;;;;;;
;;;;;;;;
;;;;;;;;
;;;;;;;;
;;;;;;;;
;;;;;;;;
;;;;;;;;
;;;;;;;;
;;;;;;;;
;;;;;;;;
;;;;;;;;
;;;;;;;;
;;;;;;;;
;;;;;;;;
;;;;;;;;
;;;;;;;;
;;;;;;;;
;;;;;;;;
;;;;;;;;
;;;;;;;;
;;;;;;;;
;;;;;;;;
;;;;;;;;
;;;;;;;;
;;;;;;;;
;;;;;;;;
;;;;;;;;
;;;;;;;;
;;;;;;;;
;;;;;;;;
;;;;;;;;
;;;;;;;;
;;;;;;;;
;;;;;;;;
;;;;;;;;
;;;;;;;;
;;;;;;;;
;;;;;;;;
;;;;;;;;
;;;;;;;;
;;;;;;;;
;;;;;;;;
;;;;;;;;
;;;;;;;;
;;;;;;;;
;;;;;;;;
;;;;;;;;
;;;;;;;;
;;;;;;;;
;;;;;;;;
;;;;;;;;
;;;;;;;;
;;;;;;;;
;;;;;;;;
;;;;;;;;
;;;;;;;;
;;;;;;;;
;;;;;;;;
;;;;;;;;
;;;;;;;;
;;;;;;;;
;;;;;;;;
;;;;;;;;
;;;;;;;;
;;;;;;;;
;;;;;;;;
;;;;;;;;
;;;;;;;;
;;;;;;;;
;;;;;;;;
;;;;;;;;
;;;;;;;;
;;;;;;;;
;;;;;;;;
;;;;;;;;
;;;;;;;;
;;;;;;;;
;;;;;;;;
;;;;;;;;
;;;;;;;;
;;;;;;;;
;;;;;;;;
;;;;;;;;
;;;;;;;;
;;;;;;;;
;;;;;;;;
;;;;;;;;
;;;;;;;;
;;;;;;;;
;;;;;;;;
;;;;;;;;
;;;;;;;;
;;;;;;;;
;;;;;;;;
;;;;;;;;
;;;;;;;;
;;;;;;;;
;;;;;;;;
;;;;;;;;
;;;;;;;;
;;;;;;;;
;;;;;;;;
;;;;;;;;
;;;;;;;;
;;;;;;;;
;;;;;;;;
;;;;;;;;
;;;;;;;;
;;;;;;;;
;;;;;;;;
;;;;;;;;
;;;;;;;;
;;;;;;;;
;;;;;;;;
;;;;;;;;
;;;;;;;;
;;;;;;;;
;;;;;;;;
;;;;;;;;
;;;;;;;;
;;;;;;;;
;;;;;;;;
;;;;;;;;
;;;;;;;;
;;;;;;;;
;;;;;;;;
;;;;;;;;
;;;;;;;;
;;;;;;;;
;;;;;;;;
;;;;;;;;
;;;;;;;;
;;;;;;;;
;;;;;;;;
;;;;;;;;
;;;;;;;;
;;;;;;;;
;;;;;;;;
;;;;;;;;
;;;;;;;;
;;;;;;;;
;;;;;;;;
;;;;;;;;
;;;;;;;;
;;;;;;;;
;;;;;;;;
;;;;;;;;
;;;;;;;;
;;;;;;;;
;;;;;;;;
;;;;;;;;
;;;;;;;;
;;;;;;;;
;;;;;;;;
;;;;;;;;
;;;;;;;;
;;;;;;;;
;;;;;;;;
;;;;;;;;
;;;;;;;;
;;;;;;;;
;;;;;;;;
;;;;;;;;
;;;;;;;;
;;;;;;;;
;;;;;;;;
;;;;;;;;
;;;;;;;;
;;;;;;;;
;;;;;;;;
;;;;;;;;
;;;;;;;;
;;;;;;;;
;;;;;;;;
;;;;;;;;
;;;;;;;;
;;;;;;;;
;;;;;;;;
;;;;;;;;
;;;;;;;;
;;;;;;;;
;;;;;;;;
;;;;;;;;
;;;;;;;;
;;;;;;;;
;;;;;;;;
;;;;;;;;
;;;;;;;;
;;;;;;;;
;;;;;;;;
;;;;;;;;
;;;;;;;;
;;;;;;;;
;;;;;;;;
;;;;;;;;
;;;;;;;;
;;;;;;;;
;;;;;;;;
;;;;;;;;
;;;;;;;;
;;;;;;;;
;;;;;;;;
;;;;;;;;
;;;;;;;;
;;;;;;;;
;;;;;;;;
;;;;;;;;
;;;;;;;;
;;;;;;;;
;;;;;;;;
;;;;;;;;
;;;;;;;;
;;;;;;;;
;;;;;;;;
;;;;;;;;
;;;;;;;;
;;;;;;;;
;;;;;;;;
;;;;;;;;
;;;;;;;;
;;;;;;;;
;;;;;;;;
;;;;;;;;
;;;;;;;;
;;;;;;;;
;;;;;;;;
;;;;;;;;
;;;;;;;;
;;;;;;;;
;;;;;;;;
;;;;;;;;
;;;;;;;;
;;;;;;;;
;;;;;;;;
;;;;;;;;
;;;;;;;;
;;;;;;;;
;;;;;;;;
;;;;;;;;
;;;;;;;;
;;;;;;;;
;;;;;;;;
;;;;;;;;
;;;;;;;;
;;;;;;;;
;;;;;;;;
;;;;;;;;
;;;;;;;;
;;;;;;;;
;;;;;;;;
;;;;;;;;
;;;;;;;;
;;;;;;;;
;;;;;;;;
;;;;;;;;
;;;;;;;;
;;;;;;;;
;;;;;;;;
;;;;;;;;
;;;;;;;;
;;;;;;;;
;;;;;;;;
;;;;;;;;
;;;;;;;;
;;;;;;;;
;;;;;;;;
;;;;;;;;
;;;;;;;;
;;;;;;;;
;;;;;;;;
;;;;;;;;
;;;;;;;;
;;;;;;;;
;;;;;;;;
;;;;;;;;
;;;;;;;;
;;;;;;;;
;;;;;;;;
;;;;;;;;
;;;;;;;;
;;;;;;;;
;;;;;;;;
;;;;;;;;
;;;;;;;;
;;;;;;;;
;;;;;;;;
;;;;;;;;
;;;;;;;;
;;;;;;;;
;;;;;;;;
;;;;;;;;
;;;;;;;;
;;;;;;;;
;;;;;;;;
;;;;;;;;
;;;;;;;;
;;;;;;;;
;;;;;;;;
;;;;;;;;
;;;;;;;;
;;;;;;;;
;;;;;;;;
;;;;;;;;
;;;;;;;;
;;;;;;;;
;;;;;;;;
;;;;;;;;
;;;;;;;;
;;;;;;;;
;;;;;;;;
;;;;;;;;
;;;;;;;;
;;;;;;;;
;;;;;;;;
;;;;;;;;
;;;;;;;;
;;;;;;;;
;;;;;;;;
;;;;;;;;
;;;;;;;;
;;;;;;;;
;;;;;;;;
;;;;;;;;
;;;;;;;;
;;;;;;;;
;;;;;;;;
;;;;;;;;
;;;;;;;;
;;;;;;;;
;;;;;;;;
;;;;;;;;
;;;;;;;;
;;;;;;;;
;;;;;;;;
;;;;;;;;
;;;;;;;;
;;;;;;;;
;;;;;;;;
;;;;;;;;
;;;;;;;;
;;;;;;;;
;;;;;;;;
;;;;;;;;
;;;;;;;;
;;;;;;;;
;;;;;;;;
;;;;;;;;
;;;;;;;;
;;;;;;;;
;;;;;;;;
;;;;;;;;
;;;;;;;;
;;;;;;;;
;;;;;;;;
;;;;;;;;
;;;;;;;;
;;;;;;;;
;;;;;;;;
;;;;;;;;
;;;;;;;;
;;;;;;;;
;;;;;;;;
;;;;;;;;
;;;;;;;;
;;;;;;;;
;;;;;;;;
;;;;;;;;
;;;;;;;;
;;;;;;;;
;;;;;;;;
;;;;;;;;
;;;;;;;;
;;;;;;;;
;;;;;;;;
;;;;;;;;
;;;;;;;;
;;;;;;;;
;;;;;;;;
;;;;;;;;
;;;;;;;;
;;;;;;;;
;;;;;;;;
;;;;;;;;
;;;;;;;;
;;;;;;;;
;;;;;;;;
;;;;;;;;
;;;;;;;;
;;;;;;;;
;;;;;;;;
;;;;;;;;
;;;;;;;;
;;;;;;;;
;;;;;;;;
;;;;;;;;
;;;;;;;;
;;;;;;;;
;;;;;;;;
;;;;;;;;
;;;;;;;;
;;;;;;;;
;;;;;;;;
;;;;;;;;
;;;;;;;;
;;;;;;;;
;;;;;;;;
;;;;;;;;
;;;;;;;;
;;;;;;;;
;;;;;;;;
;;;;;;;;
;;;;;;;;
;;;;;;;;
;;;;;;;;
;;;;;;;;
;;;;;;;;
;;;;;;;;
;;;;;;;;
;;;;;;;;
;;;;;;;;
;;;;;;;;
;;;;;;;;
;;;;;;;;
;;;;;;;;
;;;;;;;;
;;;;;;;;
;;;;;;;;
;;;;;;;;
;;;;;;;;
;;;;;;;;
;;;;;;;;
;;;;;;;;
;;;;;;;;
;;;;;;;;
;;;;;;;;
;;;;;;;;
;;;;;;;;
;;;;;;;;
;;;;;;;;
;;;;;;;;
;;;;;;;;
;;;;;;;;
;;;;;;;;
;;;;;;;;
;;;;;;;;
;;;;;;;;
;;;;;;;;
;;;;;;;;
;;;;;;;;
;;;;;;;;
;;;;;;;;
;;;;;;;;
;;;;;;;;
;;;;;;;;
;;;;;;;;
;;;;;;;;
;;;;;;;;
;;;;;;;;
;;;;;;;;
;;;;;;;;
;;;;;;;;
;;;;;;;;
;;;;;;;;
;;;;;;;;
;;;;;;;;
;;;;;;;;
;;;;;;;;
;;;;;;;;
;;;;;;;;
;;;;;;;;
;;;;;;;;
;;;;;;;;
;;;;;;;;
;;;;;;;;
;;;;;;;;
;;;;;;;;
;;;;;;;;
;;;;;;;;
;;;;;;;;
;;;;;;;;
;;;;;;;;
;;;;;;;;
;;;;;;;;
;;;;;;;;
;;;;;;;;
;;;;;;;;
;;;;;;;;
;;;;;;;;
;;;;;;;;
;;;;;;;;
;;;;;;;;
;;;;;;;;
;;;;;;;;
;;;;;;;;
;;;;;;;;
;;;;;;;;
;;;;;;;;
;;;;;;;;
;;;;;;;;
;;;;;;;;
;;;;;;;;
;;;;;;;;
;;;;;;;;
;;;;;;;;
;;;;;;;;
;;;;;;;;
;;;;;;;;
;;;;;;;;
;;;;;;;;
;;;;;;;;
;;;;;;;;
;;;;;;;;
;;;;;;;;
